NAME	TITLE	SCORE	
IFNWP15	interferon omega 1 pseudogene 15 [Source:HGNC Symbol;Acc:HGNC:5449]	2.6216135	
IFNWP2	interferon omega 1 pseudogene 2 [Source:HGNC Symbol;Acc:HGNC:5452]	2.6216135	
IFNWP5	interferon omega 1 pseudogene 5 [Source:HGNC Symbol;Acc:HGNC:5454]	2.6216135	
IFNWP19	interferon omega 1 pseudogene 19 [Source:HGNC Symbol;Acc:HGNC:5451]	2.6216135	
IFNWP9	interferon omega 1 pseudogene 9 [Source:HGNC Symbol;Acc:HGNC:5455]	2.6216135	
IFNWP18	interferon omega 1 pseudogene 18 [Source:HGNC Symbol;Acc:HGNC:5450]	2.6216135	
IFNA22P	"interferon alpha 22, pseudogene [Source:HGNC Symbol;Acc:HGNC:5431]"	2.6216135	
IFNA13	interferon alpha 13 [Source:HGNC Symbol;Acc:HGNC:5419]	2.6216135	
IFNA14	interferon alpha 14 [Source:HGNC Symbol;Acc:HGNC:5420]	2.6216135	
IFNA11P	"interferon alpha 11, pseudogene [Source:HGNC Symbol;Acc:HGNC:5442]"	2.6216135	
IFNA16	interferon alpha 16 [Source:HGNC Symbol;Acc:HGNC:5421]	2.6216135	
IFNA17	interferon alpha 17 [Source:HGNC Symbol;Acc:HGNC:5422]	2.6216135	
IFNA12P	"interferon alpha 12, pseudogene [Source:HGNC Symbol;Acc:HGNC:5443]"	2.6216135	
IFNA10	interferon alpha 10 [Source:HGNC Symbol;Acc:HGNC:5418]	2.6216135	
IFNA21	interferon alpha 21 [Source:HGNC Symbol;Acc:HGNC:5424]	2.6216135	
IFNW1	interferon omega 1 [Source:HGNC Symbol;Acc:HGNC:5448]	2.6216135	
MIR31HG	MIR31 host gene [Source:HGNC Symbol;Acc:HGNC:37187]	2.6216135	
TUBB8P1	tubulin beta 8 class VIII pseudogene 1 [Source:HGNC Symbol;Acc:HGNC:42182]	2.6216135	
IFNA20P	"interferon alpha 20, pseudogene [Source:HGNC Symbol;Acc:HGNC:5444]"	2.6216135	
IFNA5	interferon alpha 5 [Source:HGNC Symbol;Acc:HGNC:5426]	2.6216135	
IFNA4	interferon alpha 4 [Source:HGNC Symbol;Acc:HGNC:5425]	2.6216135	
IFNA7	interferon alpha 7 [Source:HGNC Symbol;Acc:HGNC:5428]	2.6216135	
IFNA6	interferon alpha 6 [Source:HGNC Symbol;Acc:HGNC:5427]	2.6216135	
IFNA1	interferon alpha 1 [Source:HGNC Symbol;Acc:HGNC:5417]	2.6216135	
IFNA2	interferon alpha 2 [Source:HGNC Symbol;Acc:HGNC:5423]	2.6216135	
IFNA8	interferon alpha 8 [Source:HGNC Symbol;Acc:HGNC:5429]	2.6216135	
KLHL9	kelch like family member 9 [Source:HGNC Symbol;Acc:HGNC:18732]	2.6216135	
KHSRPP1	KH-type splicing regulatory protein pseudogene 1 [Source:HGNC Symbol;Acc:HGNC:39198]	2.6216135	
MIR31	microRNA 31 [Source:HGNC Symbol;Acc:HGNC:31630]	2.6216135	
IFNE	interferon epsilon [Source:HGNC Symbol;Acc:HGNC:18163]	2.6216135	
C1QTNF7	C1q and TNF related 7 [Source:HGNC Symbol;Acc:HGNC:14342]	2.4968772	
FAM200B	family with sequence similarity 200 member B [Source:HGNC Symbol;Acc:HGNC:27740]	2.4968772	
BST1	bone marrow stromal cell antigen 1 [Source:HGNC Symbol;Acc:HGNC:1118]	2.4968772	
FBXL5	F-box and leucine rich repeat protein 5 [Source:HGNC Symbol;Acc:HGNC:13602]	2.4968772	
CD38	CD38 molecule [Source:HGNC Symbol;Acc:HGNC:1667]	2.4968772	
CC2D2A	coiled-coil and C2 domain containing 2A [Source:HGNC Symbol;Acc:HGNC:29253]	2.4968772	
PABPC1P8	poly(A) binding protein cytoplasmic 1 pseudogene 8 [Source:HGNC Symbol;Acc:HGNC:37988]	2.489264	
KSR1P1	kinase suppressor of ras 1 pseudogene 1 [Source:HGNC Symbol;Acc:HGNC:44977]	2.46662	
FAM71BP1	family with sequence similarity 71 member B pseudogene 1 [Source:HGNC Symbol;Acc:HGNC:49805]	2.384476	
ACOT7	acyl-CoA thioesterase 7 [Source:HGNC Symbol;Acc:HGNC:24157]	2.3824434	
ICMT	isoprenylcysteine carboxyl methyltransferase [Source:HGNC Symbol;Acc:HGNC:5350]	2.3824434	
GPR153	G protein-coupled receptor 153 [Source:HGNC Symbol;Acc:HGNC:23618]	2.3824434	
PLEKHG5	pleckstrin homology and RhoGEF domain containing G5 [Source:HGNC Symbol;Acc:HGNC:29105]	2.3824434	
KCNAB2	potassium voltage-gated channel subfamily A regulatory beta subunit 2 [Source:HGNC Symbol;Acc:HGNC:6229]	2.3824434	
TNFRSF25	TNF receptor superfamily member 25 [Source:HGNC Symbol;Acc:HGNC:11910]	2.3824434	
ZBTB48	zinc finger and BTB domain containing 48 [Source:HGNC Symbol;Acc:HGNC:4930]	2.3824434	
THAP3	THAP domain containing 3 [Source:HGNC Symbol;Acc:HGNC:20855]	2.3824434	
MIR4689	microRNA 4689 [Source:HGNC Symbol;Acc:HGNC:41895]	2.3824434	
MIR4252	microRNA 4252 [Source:HGNC Symbol;Acc:HGNC:38384]	2.3824434	
NOL9	nucleolar protein 9 [Source:HGNC Symbol;Acc:HGNC:26265]	2.3824434	
ESPN	espin [Source:HGNC Symbol;Acc:HGNC:13281]	2.3824434	
NPHP4	nephrocystin 4 [Source:HGNC Symbol;Acc:HGNC:19104]	2.3824434	
KLHL21	kelch like family member 21 [Source:HGNC Symbol;Acc:HGNC:29041]	2.3824434	
DNAJC11	DnaJ heat shock protein family (Hsp40) member C11 [Source:HGNC Symbol;Acc:HGNC:25570]	2.3824434	
PHF13	PHD finger protein 13 [Source:HGNC Symbol;Acc:HGNC:22983]	2.3824434	
CHD5	chromodomain helicase DNA binding protein 5 [Source:HGNC Symbol;Acc:HGNC:16816]	2.3824434	
TAS1R1	taste 1 receptor member 1 [Source:HGNC Symbol;Acc:HGNC:14448]	2.3824434	
HES3	hes family bHLH transcription factor 3 [Source:HGNC Symbol;Acc:HGNC:26226]	2.3824434	
HES2	hes family bHLH transcription factor 2 [Source:HGNC Symbol;Acc:HGNC:16005]	2.3824434	
GAS2L1P1	growth arrest specific 2 like 1 pseudogene 1 [Source:HGNC Symbol;Acc:HGNC:50293]	2.32139	
SHB	SH2 domain containing adaptor protein B [Source:HGNC Symbol;Acc:HGNC:10838]	2.32139	
FAM201A	family with sequence similarity 201 member A [Source:HGNC Symbol;Acc:HGNC:27239]	2.32139	
YWHABP1	tyrosine 3-monooxygenase/tryptophan 5-monooxygenase activation protein beta pseudogene 1 [Source:HGNC Symbol;Acc:HGNC:50294]	2.32139	
SNX18P3	sorting nexin 18 pseudogene 3 [Source:HGNC Symbol;Acc:HGNC:39611]	2.32139	
VN1R48P	vomeronasal 1 receptor 48 pseudogene [Source:HGNC Symbol;Acc:HGNC:37368]	2.32139	
ANKRD18A	ankyrin repeat domain 18A [Source:HGNC Symbol;Acc:HGNC:23643]	2.32139	
FAM220BP	"family with sequence similarity 220 member B, pseudogene [Source:HGNC Symbol;Acc:HGNC:23678]"	2.32139	
FAM95C	family with sequence similarity 95 member C [Source:HGNC Symbol;Acc:HGNC:45272]	2.32139	
ENSG00000273036	"cytochrome P450, family 4, subfamily F family pseudogene"	2.32139	
TCEA1P3	transcription elongation factor A1 pseudogene 3 [Source:HGNC Symbol;Acc:HGNC:30569]	2.32139	
ARMC8P1	armadillo repeat containing 8 pseudogene 1 [Source:HGNC Symbol;Acc:HGNC:49918]	2.32139	
CDCA4P1	cell division cycle associated 4 pseudogene 1 [Source:HGNC Symbol;Acc:HGNC:49770]	2.2818747	
FREM1	FRAS1 related extracellular matrix 1 [Source:HGNC Symbol;Acc:HGNC:23399]	2.2818747	
PES1P2	pescadillo ribosomal biogenesis factor 1 pseudogene 2 [Source:HGNC Symbol;Acc:HGNC:44059]	2.2818747	
NFIB	nuclear factor I B [Source:HGNC Symbol;Acc:HGNC:7785]	2.2818747	
DMRTA1	DMRT like family A1 [Source:HGNC Symbol;Acc:HGNC:13826]	2.2818747	
TTC39B	tetratricopeptide repeat domain 39B [Source:HGNC Symbol;Acc:HGNC:23704]	2.2818747	
CER1	"cerberus 1, DAN family BMP antagonist [Source:HGNC Symbol;Acc:HGNC:1862]"	2.2818747	
ZDHHC21	zinc finger DHHC-type palmitoyltransferase 21 [Source:HGNC Symbol;Acc:HGNC:20750]	2.2818747	
ATP5PDP3	ATP synthase peripheral stalk subunit d pseudogene 3 [Source:HGNC Symbol;Acc:HGNC:49625]	2.2818747	
LDHAP4	lactate dehydrogenase A pseudogene 4 [Source:HGNC Symbol;Acc:HGNC:6539]	2.2818747	
CLCN3P1	chloride voltage-gated channel 3 pseudogene 1 [Source:HGNC Symbol;Acc:HGNC:49775]	2.2818747	
AFAP1	actin filament associated protein 1 [Source:HGNC Symbol;Acc:HGNC:24017]	2.2690485	
PROM1	prominin 1 [Source:HGNC Symbol;Acc:HGNC:9454]	2.2459328	
CPEB2	cytoplasmic polyadenylation element binding protein 2 [Source:HGNC Symbol;Acc:HGNC:21745]	2.2459328	
FGFBP1	fibroblast growth factor binding protein 1 [Source:HGNC Symbol;Acc:HGNC:19695]	2.2459328	
FGFBP2	fibroblast growth factor binding protein 2 [Source:HGNC Symbol;Acc:HGNC:29451]	2.2459328	
PDLIM1P2	PDZ and LIM domain 1 pseudogene 2 [Source:HGNC Symbol;Acc:HGNC:48945]	2.2459328	
MAP2K3	mitogen-activated protein kinase kinase 3 [Source:HGNC Symbol;Acc:HGNC:6843]	2.2459328	
NATD1	N-acetyltransferase domain containing 1 [Source:HGNC Symbol;Acc:HGNC:30770]	2.2459328	
LINC02693	long intergenic non-protein coding RNA 2693 [Source:HGNC Symbol;Acc:HGNC:27904]	2.2459328	
TMEM11	transmembrane protein 11 [Source:HGNC Symbol;Acc:HGNC:16823]	2.2459328	
KCNJ12	potassium inwardly rectifying channel subfamily J member 12 [Source:HGNC Symbol;Acc:HGNC:6258]	2.2459328	
EIF1P5	eukaryotic translation initiation factor 1 pseudogene 5 [Source:HGNC Symbol;Acc:HGNC:49618]	2.2459328	
MIR429	microRNA 429 [Source:HGNC Symbol;Acc:HGNC:13784]	2.2296607	
MRPL20	mitochondrial ribosomal protein L20 [Source:HGNC Symbol;Acc:HGNC:14478]	2.2296607	
PUSL1	pseudouridine synthase like 1 [Source:HGNC Symbol;Acc:HGNC:26914]	2.2296607	
CFAP74	cilia and flagella associated protein 74 [Source:HGNC Symbol;Acc:HGNC:29368]	2.2296607	
FNDC10	fibronectin type III domain containing 10 [Source:HGNC Symbol;Acc:HGNC:42951]	2.2296607	
TMEM52	transmembrane protein 52 [Source:HGNC Symbol;Acc:HGNC:27916]	2.2296607	
ANKRD65	ankyrin repeat domain 65 [Source:HGNC Symbol;Acc:HGNC:42950]	2.2296607	
TNFRSF4	TNF receptor superfamily member 4 [Source:HGNC Symbol;Acc:HGNC:11918]	2.2296607	
ACAP3	"ArfGAP with coiled-coil, ankyrin repeat and PH domains 3 [Source:HGNC Symbol;Acc:HGNC:16754]"	2.2296607	
DVL1	dishevelled segment polarity protein 1 [Source:HGNC Symbol;Acc:HGNC:3084]	2.2296607	
NADK	NAD kinase [Source:HGNC Symbol;Acc:HGNC:29831]	2.2296607	
B3GALT6	"beta-1,3-galactosyltransferase 6 [Source:HGNC Symbol;Acc:HGNC:17978]"	2.2296607	
C1orf159	chromosome 1 open reading frame 159 [Source:HGNC Symbol;Acc:HGNC:26062]	2.2296607	
MIR6727	microRNA 6727 [Source:HGNC Symbol;Acc:HGNC:50171]	2.2296607	
MIR6726	microRNA 6726 [Source:HGNC Symbol;Acc:HGNC:50009]	2.2296607	
TNFRSF18	TNF receptor superfamily member 18 [Source:HGNC Symbol;Acc:HGNC:11914]	2.2296607	
MIR6808	microRNA 6808 [Source:HGNC Symbol;Acc:HGNC:50046]	2.2296607	
TTLL10	tubulin tyrosine ligase like 10 [Source:HGNC Symbol;Acc:HGNC:26693]	2.2296607	
CALML6	calmodulin like 6 [Source:HGNC Symbol;Acc:HGNC:24193]	2.2296607	
CCNL2	cyclin L2 [Source:HGNC Symbol;Acc:HGNC:20570]	2.2296607	
TMEM88B	transmembrane protein 88B [Source:HGNC Symbol;Acc:HGNC:37099]	2.2296607	
MXRA8	matrix remodeling associated 8 [Source:HGNC Symbol;Acc:HGNC:7542]	2.2296607	
AURKAIP1	aurora kinase A interacting protein 1 [Source:HGNC Symbol;Acc:HGNC:24114]	2.2296607	
UBE2J2	ubiquitin conjugating enzyme E2 J2 [Source:HGNC Symbol;Acc:HGNC:19268]	2.2296607	
MIR200A	microRNA 200a [Source:HGNC Symbol;Acc:HGNC:31578]	2.2296607	
MIR200B	microRNA 200b [Source:HGNC Symbol;Acc:HGNC:31579]	2.2296607	
EEF1A1P21	eukaryotic translation elongation factor 1 alpha 1 pseudogene 21 [Source:HGNC Symbol;Acc:HGNC:37894]	2.2296607	
INTS11	integrator complex subunit 11 [Source:HGNC Symbol;Acc:HGNC:26052]	2.2296607	
SDF4	stromal cell derived factor 4 [Source:HGNC Symbol;Acc:HGNC:24188]	2.2296607	
C1QTNF12	C1q and TNF related 12 [Source:HGNC Symbol;Acc:HGNC:32308]	2.2296607	
MMP23B	matrix metallopeptidase 23B [Source:HGNC Symbol;Acc:HGNC:7171]	2.2296607	
MMP23A	matrix metallopeptidase 23A (pseudogene) [Source:HGNC Symbol;Acc:HGNC:7170]	2.2296607	
VWA1	von Willebrand factor A domain containing 1 [Source:HGNC Symbol;Acc:HGNC:30910]	2.2296607	
MIB2	MIB E3 ubiquitin protein ligase 2 [Source:HGNC Symbol;Acc:HGNC:30577]	2.2296607	
ATAD3B	ATPase family AAA domain containing 3B [Source:HGNC Symbol;Acc:HGNC:24007]	2.2296607	
ATAD3A	ATPase family AAA domain containing 3A [Source:HGNC Symbol;Acc:HGNC:25567]	2.2296607	
ATAD3C	ATPase family AAA domain containing 3C [Source:HGNC Symbol;Acc:HGNC:32151]	2.2296607	
SCNN1D	sodium channel epithelial 1 subunit delta [Source:HGNC Symbol;Acc:HGNC:10601]	2.2296607	
TMEM240	transmembrane protein 240 [Source:HGNC Symbol;Acc:HGNC:25186]	2.2296607	
GNB1	G protein subunit beta 1 [Source:HGNC Symbol;Acc:HGNC:4396]	2.2296607	
SLC35E2B	solute carrier family 35 member E2B [Source:HGNC Symbol;Acc:HGNC:33941]	2.2296607	
SLC35E2A	solute carrier family 35 member E2A [Source:HGNC Symbol;Acc:HGNC:20863]	2.2296607	
CPTP	ceramide-1-phosphate transfer protein [Source:HGNC Symbol;Acc:HGNC:28116]	2.2296607	
TAS1R3	taste 1 receptor member 3 [Source:HGNC Symbol;Acc:HGNC:15661]	2.2296607	
CDK11A	cyclin dependent kinase 11A [Source:HGNC Symbol;Acc:HGNC:1730]	2.2296607	
CDK11B	cyclin dependent kinase 11B [Source:HGNC Symbol;Acc:HGNC:1729]	2.2296607	
EEF1DP6	eukaryotic translation elongation factor 1 delta pseudogene 6 [Source:HGNC Symbol;Acc:HGNC:51456]	2.2224364	
AJAP1	adherens junctions associated protein 1 [Source:HGNC Symbol;Acc:HGNC:30801]	2.2224364	
TPRG1L	tumor protein p63 regulated 1 like [Source:HGNC Symbol;Acc:HGNC:27007]	2.2213194	
PRKCZ	protein kinase C zeta [Source:HGNC Symbol;Acc:HGNC:9412]	2.2213194	
PRDM16	PR/SET domain 16 [Source:HGNC Symbol;Acc:HGNC:14000]	2.2213194	
PRXL2B	peroxiredoxin like 2B [Source:HGNC Symbol;Acc:HGNC:28390]	2.2213194	
PLCH2	phospholipase C eta 2 [Source:HGNC Symbol;Acc:HGNC:29037]	2.2213194	
LRRC47	leucine rich repeat containing 47 [Source:HGNC Symbol;Acc:HGNC:29207]	2.2213194	
DFFB	DNA fragmentation factor subunit beta [Source:HGNC Symbol;Acc:HGNC:2773]	2.2213194	
SKI	SKI proto-oncogene [Source:HGNC Symbol;Acc:HGNC:10896]	2.2213194	
MORN1	MORN repeat containing 1 [Source:HGNC Symbol;Acc:HGNC:25852]	2.2213194	
C1orf174	chromosome 1 open reading frame 174 [Source:HGNC Symbol;Acc:HGNC:27915]	2.2213194	
CCDC27	coiled-coil domain containing 27 [Source:HGNC Symbol;Acc:HGNC:26546]	2.2213194	
CEP104	centrosomal protein 104 [Source:HGNC Symbol;Acc:HGNC:24866]	2.2213194	
TNFRSF14	TNF receptor superfamily member 14 [Source:HGNC Symbol;Acc:HGNC:11912]	2.2213194	
KL	klotho [Source:HGNC Symbol;Acc:HGNC:6344]	2.2213194	
WRAP73	"WD repeat containing, antisense to TP73 [Source:HGNC Symbol;Acc:HGNC:12759]"	2.2213194	
PANK4	pantothenate kinase 4 (inactive) [Source:HGNC Symbol;Acc:HGNC:19366]	2.2213194	
SMIM1	small integral membrane protein 1 (Vel blood group) [Source:HGNC Symbol;Acc:HGNC:44204]	2.2213194	
MIR551A	microRNA 551a [Source:HGNC Symbol;Acc:HGNC:32806]	2.2213194	
TP73	tumor protein p73 [Source:HGNC Symbol;Acc:HGNC:12003]	2.2213194	
MMEL1	membrane metalloendopeptidase like 1 [Source:HGNC Symbol;Acc:HGNC:14668]	2.2213194	
ACTRT2	actin related protein T2 [Source:HGNC Symbol;Acc:HGNC:24026]	2.2213194	
MEGF6	multiple EGF like domains 6 [Source:HGNC Symbol;Acc:HGNC:3232]	2.2213194	
FAAP20	FA core complex associated protein 20 [Source:HGNC Symbol;Acc:HGNC:26428]	2.2213194	
GABRD	gamma-aminobutyric acid type A receptor subunit delta [Source:HGNC Symbol;Acc:HGNC:4084]	2.2213194	
PEX10	peroxisomal biogenesis factor 10 [Source:HGNC Symbol;Acc:HGNC:8851]	2.2213194	
TOMM22P3	TOMM22 pseudogene 3 [Source:HGNC Symbol;Acc:HGNC:38739]	2.2213194	
TTC34	tetratricopeptide repeat domain 34 [Source:HGNC Symbol;Acc:HGNC:34297]	2.2213194	
ARHGEF16	Rho guanine nucleotide exchange factor 16 [Source:HGNC Symbol;Acc:HGNC:15515]	2.2213194	
RER1	retention in endoplasmic reticulum sorting receptor 1 [Source:HGNC Symbol;Acc:HGNC:30309]	2.2213194	
HES5	hes family bHLH transcription factor 5 [Source:HGNC Symbol;Acc:HGNC:19764]	2.2213194	
ALDH3A2	aldehyde dehydrogenase 3 family member A2 [Source:HGNC Symbol;Acc:HGNC:403]	2.2040153	
CLIC4P1	chloride intracellular channel 4 pseudogene 1 [Source:HGNC Symbol;Acc:HGNC:49797]	2.2027242	
C11orf98P1	chromosome 11 open reading frame 98 pseudogene 1 [Source:HGNC Symbol;Acc:HGNC:49784]	2.2027242	
MIR4473	microRNA 4473 [Source:HGNC Symbol;Acc:HGNC:41540]	2.2027242	
MIR4731	microRNA 4731 [Source:HGNC Symbol;Acc:HGNC:41597]	2.1987686	
CDRT7	CMT1A duplicated region transcript 7 [Source:HGNC Symbol;Acc:HGNC:14386]	2.1987686	
CDRT8	CMT1A duplicated region transcript 8 [Source:HGNC Symbol;Acc:HGNC:14387]	2.1987686	
PMP22	peripheral myelin protein 22 [Source:HGNC Symbol;Acc:HGNC:9118]	2.1987686	
ARAP2	"ArfGAP with RhoGAP domain, ankyrin repeat and PH domain 2 [Source:HGNC Symbol;Acc:HGNC:16924]"	2.1523805	
DTHD1	death domain containing 1 [Source:HGNC Symbol;Acc:HGNC:37261]	2.1523805	
ZNF25	zinc finger protein 25 [Source:HGNC Symbol;Acc:HGNC:13043]	2.1487691	
ZNF37A	zinc finger protein 37A [Source:HGNC Symbol;Acc:HGNC:13102]	2.1487691	
ZNF248	zinc finger protein 248 [Source:HGNC Symbol;Acc:HGNC:13041]	2.1487691	
ZNF33CP	"zinc finger protein 33C, pseudogene [Source:HGNC Symbol;Acc:HGNC:30957]"	2.1487691	
ZNF33A	zinc finger protein 33A [Source:HGNC Symbol;Acc:HGNC:13096]	2.1487691	
TACC1P1	transforming acidic coiled-coil containing protein 1 pseudogene 1 [Source:HGNC Symbol;Acc:HGNC:44974]	2.1487691	
ANKRD30A	ankyrin repeat domain 30A [Source:HGNC Symbol;Acc:HGNC:17234]	2.1487691	
FXYD6P2	FXYD domain containing ion transport regulator 6 pseudogene 2 [Source:HGNC Symbol;Acc:HGNC:4032]	2.1487691	
VN1R53P	vomeronasal 1 receptor 53 pseudogene [Source:HGNC Symbol;Acc:HGNC:37373]	2.1487691	
ZNF33BP1	zinc finger protein 33B pseudogene 1 [Source:HGNC Symbol;Acc:HGNC:44975]	2.1487691	
EIF3LP3	eukaryotic translation initiation factor 3 subunit L pseudogene 3 [Source:HGNC Symbol;Acc:HGNC:44976]	2.1487691	
TMEM161BP1	transmembrane protein 161B pseudogene 1 [Source:HGNC Symbol;Acc:HGNC:44973]	2.1487691	
GMPSP1	guanine monophosphate synthase pseudogene 1 [Source:HGNC Symbol;Acc:HGNC:39428]	2.1456022	
ABLIM2	actin binding LIM protein family member 2 [Source:HGNC Symbol;Acc:HGNC:19195]	2.1456022	
PCDH7	protocadherin 7 [Source:HGNC Symbol;Acc:HGNC:8659]	2.1456022	
TRMT44	tRNA methyltransferase 44 homolog [Source:HGNC Symbol;Acc:HGNC:26653]	2.1456022	
HTRA3	HtrA serine peptidase 3 [Source:HGNC Symbol;Acc:HGNC:30406]	2.1456022	
MIR95	microRNA 95 [Source:HGNC Symbol;Acc:HGNC:31647]	2.1456022	
ACOX3	"acyl-CoA oxidase 3, pristanoyl [Source:HGNC Symbol;Acc:HGNC:121]"	2.1456022	
SH3TC1	SH3 domain and tetratricopeptide repeats 1 [Source:HGNC Symbol;Acc:HGNC:26009]	2.1456022	
KRT16P2	keratin 16 pseudogene 2 [Source:HGNC Symbol;Acc:HGNC:37807]	2.136394	
KRT16P6	keratin 16 pseudogene 6 [Source:HGNC Symbol;Acc:HGNC:50719]	2.136394	
NOS2P4	nitric oxide synthase 2 pseudogene 4 [Source:HGNC Symbol;Acc:HGNC:50720]	2.136394	
UPF3AP1	UPF3A pseudogene 1 [Source:HGNC Symbol;Acc:HGNC:30568]	2.136394	
COTL1P1	COTL1 pseudogene 1 [Source:HGNC Symbol;Acc:HGNC:2086]	2.136394	
FAM106C	family with sequence similarity 106 member C [Source:HGNC Symbol;Acc:HGNC:38396]	2.136394	
CCDC144A	coiled-coil domain containing 144A [Source:HGNC Symbol;Acc:HGNC:29072]	2.136394	
USP32P1	ubiquitin specific peptidase 32 pseudogene 1 [Source:HGNC Symbol;Acc:HGNC:43570]	2.136394	
SRP68P1	signal recognition particle 68 pseudogene 1 [Source:HGNC Symbol;Acc:HGNC:30427]	2.136394	
KRT17P4	keratin 17 pseudogene 4 [Source:HGNC Symbol;Acc:HGNC:50722]	2.136394	
KRT17P1	keratin 17 pseudogene 1 [Source:HGNC Symbol;Acc:HGNC:6428]	2.136394	
FTLP12	ferritin light chain pseudogene 12 [Source:HGNC Symbol;Acc:HGNC:37961]	2.13051	
PIGL	phosphatidylinositol glycan anchor biosynthesis class L [Source:HGNC Symbol;Acc:HGNC:8966]	2.13051	
CENPV	centromere protein V [Source:HGNC Symbol;Acc:HGNC:29920]	2.13051	
MIR1288	microRNA 1288 [Source:HGNC Symbol;Acc:HGNC:35363]	2.13051	
UBB	ubiquitin B [Source:HGNC Symbol;Acc:HGNC:12463]	2.13051	
FTLP13	ferritin light chain pseudogene 13 [Source:HGNC Symbol;Acc:HGNC:37963]	2.1248584	
NCOR1P2	NCOR1 pseudogene 2 [Source:HGNC Symbol;Acc:HGNC:42997]	2.1248584	
FAM27E5	family with sequence similarity E5 [Source:HGNC Symbol;Acc:HGNC:32410]	2.1248584	
KCNJ18	potassium inwardly rectifying channel subfamily J member 18 [Source:HGNC Symbol;Acc:HGNC:39080]	2.1248584	
UBBP4	ubiquitin B pseudogene 4 [Source:HGNC Symbol;Acc:HGNC:12467]	2.1248584	
FXYD4	FXYD domain containing ion transport regulator 4 [Source:HGNC Symbol;Acc:HGNC:4028]	2.1224155	
RET	ret proto-oncogene [Source:HGNC Symbol;Acc:HGNC:9967]	2.1224155	
ZNF33B	zinc finger protein 33B [Source:HGNC Symbol;Acc:HGNC:13097]	2.1224155	
CSGALNACT2	chondroitin sulfate N-acetylgalactosaminyltransferase 2 [Source:HGNC Symbol;Acc:HGNC:24292]	2.1224155	
ZNF37BP	"zinc finger protein 37B, pseudogene [Source:HGNC Symbol;Acc:HGNC:13103]"	2.1224155	
CUBNP1	cubilin pseudogene 1 [Source:HGNC Symbol;Acc:HGNC:44983]	2.1224155	
FXYD6P1	FXYD domain containing ion transport regulator 6 pseudogene 1 [Source:HGNC Symbol;Acc:HGNC:4031]	2.1224155	
DUXAP3	double homeobox A pseudogene 3 [Source:HGNC Symbol;Acc:HGNC:32182]	2.1224155	
MIR5100	microRNA 5100 [Source:HGNC Symbol;Acc:HGNC:43540]	2.1224155	
CCNYL2	cyclin Y like 2 (pseudogene) [Source:HGNC Symbol;Acc:HGNC:23495]	2.1224155	
RASGEF1A	RasGEF domain family member 1A [Source:HGNC Symbol;Acc:HGNC:24246]	2.1224155	
EIF3LP2	eukaryotic translation initiation factor 3 subunit L pseudogene 2 [Source:HGNC Symbol;Acc:HGNC:24657]	2.1224155	
BMS1	BMS1 ribosome biogenesis factor [Source:HGNC Symbol;Acc:HGNC:23505]	2.1224155	
HACD4	3-hydroxyacyl-CoA dehydratase 4 [Source:HGNC Symbol;Acc:HGNC:20920]	2.11077	
IFNWP4	interferon omega 1 pseudogene 4 [Source:HGNC Symbol;Acc:HGNC:5453]	2.11077	
FOCAD	focadhesin [Source:HGNC Symbol;Acc:HGNC:23377]	2.11077	
IFNNP1	"interferon nu 1, pseudogene [Source:HGNC Symbol;Acc:HGNC:32009]"	2.11077	
IFNB1	interferon beta 1 [Source:HGNC Symbol;Acc:HGNC:5434]	2.11077	
MIR491	microRNA 491 [Source:HGNC Symbol;Acc:HGNC:32076]	2.11077	
HMGB1P28	high mobility group box 1 pseudogene 28 [Source:HGNC Symbol;Acc:HGNC:39119]	2.1075876	
ELOCP33	elongin C pseudogene 33 [Source:HGNC Symbol;Acc:HGNC:49174]	2.1075876	
MIR574	microRNA 574 [Source:HGNC Symbol;Acc:HGNC:32830]	2.1075876	
GRXCR1	glutaredoxin and cysteine rich domain containing 1 [Source:HGNC Symbol;Acc:HGNC:31673]	2.1075876	
NSUN7	NOP2/Sun RNA methyltransferase family member 7 [Source:HGNC Symbol;Acc:HGNC:25857]	2.1075876	
TMEM33	transmembrane protein 33 [Source:HGNC Symbol;Acc:HGNC:25541]	2.1075876	
TLR10	toll like receptor 10 [Source:HGNC Symbol;Acc:HGNC:15634]	2.1075876	
MIR4802	microRNA 4802 [Source:HGNC Symbol;Acc:HGNC:41658]	2.1075876	
PABPC1P1	poly(A) binding protein cytoplasmic 1 pseudogene 1 [Source:HGNC Symbol;Acc:HGNC:8558]	2.1075876	
WDR19	WD repeat domain 19 [Source:HGNC Symbol;Acc:HGNC:18340]	2.1075876	
TMEM156	transmembrane protein 156 [Source:HGNC Symbol;Acc:HGNC:26260]	2.1075876	
FAM114A1	family with sequence similarity 114 member A1 [Source:HGNC Symbol;Acc:HGNC:25087]	2.1075876	
ZBTB12BP	"zinc finger and BTB domain containing 12B, pseudogene [Source:HGNC Symbol;Acc:HGNC:37702]"	2.1075876	
KRT18P25	keratin 18 pseudogene 25 [Source:HGNC Symbol;Acc:HGNC:33394]	2.1075876	
SMIM14	small integral membrane protein 14 [Source:HGNC Symbol;Acc:HGNC:27321]	2.1075876	
RFC1	replication factor C subunit 1 [Source:HGNC Symbol;Acc:HGNC:9969]	2.1075876	
CCNL2P1	cyclin L2 pseudogene 1 [Source:HGNC Symbol;Acc:HGNC:50855]	2.1075876	
BEND4	BEN domain containing 4 [Source:HGNC Symbol;Acc:HGNC:23815]	2.1075876	
KLF3	Kruppel like factor 3 [Source:HGNC Symbol;Acc:HGNC:16516]	2.1075876	
DCAF4L1	DDB1 and CUL4 associated factor 4 like 1 [Source:HGNC Symbol;Acc:HGNC:27723]	2.1075876	
LIMCH1	LIM and calponin homology domains 1 [Source:HGNC Symbol;Acc:HGNC:29191]	2.1075876	
LIAS	lipoic acid synthetase [Source:HGNC Symbol;Acc:HGNC:16429]	2.1075876	
N4BP2	NEDD4 binding protein 2 [Source:HGNC Symbol;Acc:HGNC:29851]	2.1075876	
MIR5591	microRNA 5591 [Source:HGNC Symbol;Acc:HGNC:43531]	2.1075876	
UCHL1	ubiquitin C-terminal hydrolase L1 [Source:HGNC Symbol;Acc:HGNC:12513]	2.1075876	
ATP1B1P1	ATPase Na+/K+ transporting subunit beta 1 pseudogene 1 [Source:HGNC Symbol;Acc:HGNC:809]	2.1075876	
RHOH	ras homolog family member H [Source:HGNC Symbol;Acc:HGNC:686]	2.1075876	
TLR1	toll like receptor 1 [Source:HGNC Symbol;Acc:HGNC:11847]	2.1075876	
UGDH	UDP-glucose 6-dehydrogenase [Source:HGNC Symbol;Acc:HGNC:12525]	2.1075876	
TLR6	toll like receptor 6 [Source:HGNC Symbol;Acc:HGNC:16711]	2.1075876	
APBB2	amyloid beta precursor protein binding family B member 2 [Source:HGNC Symbol;Acc:HGNC:582]	2.1075876	
OR5M14P	olfactory receptor family 5 subfamily M member 14 pseudogene [Source:HGNC Symbol;Acc:HGNC:15057]	2.1075876	
KLHL5	kelch like family member 5 [Source:HGNC Symbol;Acc:HGNC:6356]	2.1075876	
KLB	klotho beta [Source:HGNC Symbol;Acc:HGNC:15527]	2.1075876	
MRPS33P2	mitochondrial ribosomal protein S33 pseudogene 2 [Source:HGNC Symbol;Acc:HGNC:29765]	2.1075876	
PTTG2	pituitary tumor-transforming 2 [Source:HGNC Symbol;Acc:HGNC:9691]	2.1075876	
SLC30A9	solute carrier family 30 member 9 [Source:HGNC Symbol;Acc:HGNC:1329]	2.1075876	
SHISA3	shisa family member 3 [Source:HGNC Symbol;Acc:HGNC:25159]	2.1075876	
PDS5A	PDS5 cohesin associated factor A [Source:HGNC Symbol;Acc:HGNC:29088]	2.1075876	
PHOX2B	paired like homeobox 2B [Source:HGNC Symbol;Acc:HGNC:9143]	2.1075876	
UBE2K	ubiquitin conjugating enzyme E2 K [Source:HGNC Symbol;Acc:HGNC:4914]	2.1075876	
RBM47	RNA binding motif protein 47 [Source:HGNC Symbol;Acc:HGNC:30358]	2.1075876	
ME2P1	malic enzyme 2 pseudogene 1 [Source:HGNC Symbol;Acc:HGNC:49809]	2.1042848	
MIR5091	microRNA 5091 [Source:HGNC Symbol;Acc:HGNC:43478]	2.08448	
MIR572	microRNA 572 [Source:HGNC Symbol;Acc:HGNC:32828]	2.08448	
BOD1L1	biorientation of chromosomes in cell division 1 like 1 [Source:HGNC Symbol;Acc:HGNC:31792]	2.08448	
NKX3-2	NK3 homeobox 2 [Source:HGNC Symbol;Acc:HGNC:951]	2.08448	
RAB28	"RAB28, member RAS oncogene family [Source:HGNC Symbol;Acc:HGNC:9768]"	2.08448	
HSP90AB2P	"heat shock protein 90 alpha family class B member 2, pseudogene [Source:HGNC Symbol;Acc:HGNC:32537]"	2.08448	
CARM1P1	coactivator associated arginine methyltransferase 1 pseudogene 1 [Source:HGNC Symbol;Acc:HGNC:23392]	2.08448	
HS3ST1	heparan sulfate-glucosamine 3-sulfotransferase 1 [Source:HGNC Symbol;Acc:HGNC:5194]	2.08448	
CDRT15	CMT1A duplicated region transcript 15 [Source:HGNC Symbol;Acc:HGNC:14395]	2.0815005	
CDRT15P1	CDRT15 pseudogene 1 [Source:HGNC Symbol;Acc:HGNC:33168]	2.0815005	
COX10	cytochrome c oxidase assembly factor heme A:farnesyltransferase COX10 [Source:HGNC Symbol;Acc:HGNC:2260]	2.0815005	
ECM1P2	extracellular matrix protein 1 pseudogene 2 [Source:HGNC Symbol;Acc:HGNC:49737]	2.0794463	
PADI3	peptidyl arginine deiminase 3 [Source:HGNC Symbol;Acc:HGNC:18337]	2.0551846	
PADI2	peptidyl arginine deiminase 2 [Source:HGNC Symbol;Acc:HGNC:18341]	2.0551846	
PADI4	peptidyl arginine deiminase 4 [Source:HGNC Symbol;Acc:HGNC:18368]	2.0551846	
PADI1	peptidyl arginine deiminase 1 [Source:HGNC Symbol;Acc:HGNC:18367]	2.0551846	
PADI6	peptidyl arginine deiminase 6 [Source:HGNC Symbol;Acc:HGNC:20449]	2.0551846	
LRRC38	leucine rich repeat containing 38 [Source:HGNC Symbol;Acc:HGNC:27005]	2.0551846	
MIR3972	microRNA 3972 [Source:HGNC Symbol;Acc:HGNC:41876]	2.0551846	
CROCCP4	CROCC pseudogene 4 [Source:HGNC Symbol;Acc:HGNC:43864]	2.0551846	
CROCCP3	CROCC pseudogene 3 [Source:HGNC Symbol;Acc:HGNC:29405]	2.0551846	
CROCCP2	CROCC pseudogene 2 [Source:HGNC Symbol;Acc:HGNC:28170]	2.0551846	
ANGPTL7	angiopoietin like 7 [Source:HGNC Symbol;Acc:HGNC:24078]	2.0551846	
SZRD1	SUZ RNA binding domain containing 1 [Source:HGNC Symbol;Acc:HGNC:30232]	2.0551846	
PRAMEF6	PRAME family member 6 [Source:HGNC Symbol;Acc:HGNC:30583]	2.0551846	
PRAMEF5	PRAME family member 5 [Source:HGNC Symbol;Acc:HGNC:27995]	2.0551846	
PRAMEF4	PRAME family member 4 [Source:HGNC Symbol;Acc:HGNC:31971]	2.0551846	
EXOSC10	exosome component 10 [Source:HGNC Symbol;Acc:HGNC:9138]	2.0551846	
PRAMEF2	PRAME family member 2 [Source:HGNC Symbol;Acc:HGNC:28841]	2.0551846	
PRAMEF1	PRAME family member 1 [Source:HGNC Symbol;Acc:HGNC:28840]	2.0551846	
MFN2	mitofusin 2 [Source:HGNC Symbol;Acc:HGNC:16877]	2.0551846	
PRAMEF9	PRAME family member 9 [Source:HGNC Symbol;Acc:HGNC:27996]	2.0551846	
PRAMEF8	PRAME family member 8 [Source:HGNC Symbol;Acc:HGNC:24074]	2.0551846	
PRAMEF7	PRAME family member 7 [Source:HGNC Symbol;Acc:HGNC:28415]	2.0551846	
KIAA2013	KIAA2013 [Source:HGNC Symbol;Acc:HGNC:28513]	2.0551846	
DHRS3	dehydrogenase/reductase 3 [Source:HGNC Symbol;Acc:HGNC:17693]	2.0551846	
PLOD1	"procollagen-lysine,2-oxoglutarate 5-dioxygenase 1 [Source:HGNC Symbol;Acc:HGNC:9081]"	2.0551846	
TNFRSF8	TNF receptor superfamily member 8 [Source:HGNC Symbol;Acc:HGNC:11923]	2.0551846	
DISP3	dispatched RND transporter family member 3 [Source:HGNC Symbol;Acc:HGNC:29251]	2.0551846	
C1orf158	chromosome 1 open reading frame 158 [Source:HGNC Symbol;Acc:HGNC:28567]	2.0551846	
FBXO44	F-box protein 44 [Source:HGNC Symbol;Acc:HGNC:24847]	2.0551846	
FBXO42	F-box protein 42 [Source:HGNC Symbol;Acc:HGNC:29249]	2.0551846	
ESPNP	espin pseudogene [Source:HGNC Symbol;Acc:HGNC:23285]	2.0551846	
C1orf167	chromosome 1 open reading frame 167 [Source:HGNC Symbol;Acc:HGNC:25262]	2.0551846	
GPS2P1	G protein pathway suppressor 2 pseudogene 1 [Source:HGNC Symbol;Acc:HGNC:49622]	2.0551846	
ANO7L1	anoctamin 7 like 1 (pseudogene) [Source:HGNC Symbol;Acc:HGNC:32248]	2.0551846	
DRAXIN	dorsal inhibitory axon guidance protein [Source:HGNC Symbol;Acc:HGNC:25054]	2.0551846	
MIR6729	microRNA 6729 [Source:HGNC Symbol;Acc:HGNC:50103]	2.0551846	
C1orf127	chromosome 1 open reading frame 127 [Source:HGNC Symbol;Acc:HGNC:26730]	2.0551846	
UBE2V2P3	ubiquitin conjugating enzyme E2 V2 pseudogene 3 [Source:HGNC Symbol;Acc:HGNC:44891]	2.0551846	
VPS13D	vacuolar protein sorting 13 homolog D [Source:HGNC Symbol;Acc:HGNC:23595]	2.0551846	
TNFRSF1B	TNF receptor superfamily member 1B [Source:HGNC Symbol;Acc:HGNC:11917]	2.0551846	
SRM	spermidine synthase [Source:HGNC Symbol;Acc:HGNC:11296]	2.0551846	
MIR3675	microRNA 3675 [Source:HGNC Symbol;Acc:HGNC:38973]	2.0551846	
NECAP2	NECAP endocytosis associated 2 [Source:HGNC Symbol;Acc:HGNC:25528]	2.0551846	
CROCC	"ciliary rootlet coiled-coil, rootletin [Source:HGNC Symbol;Acc:HGNC:21299]"	2.0551846	
MFAP2	microfibril associated protein 2 [Source:HGNC Symbol;Acc:HGNC:7033]	2.0551846	
MIR4632	microRNA 4632 [Source:HGNC Symbol;Acc:HGNC:41593]	2.0551846	
AADACL3	arylacetamide deacetylase like 3 [Source:HGNC Symbol;Acc:HGNC:32037]	2.0551846	
AADACL4	arylacetamide deacetylase like 4 [Source:HGNC Symbol;Acc:HGNC:32038]	2.0551846	
SPATA21	spermatogenesis associated 21 [Source:HGNC Symbol;Acc:HGNC:28026]	2.0551846	
FBXO6	F-box protein 6 [Source:HGNC Symbol;Acc:HGNC:13585]	2.0551846	
FBXO2	F-box protein 2 [Source:HGNC Symbol;Acc:HGNC:13581]	2.0551846	
PRAMEF20	PRAME family member 20 [Source:HGNC Symbol;Acc:HGNC:25224]	2.0551846	
PRAMEF26	PRAME family member 26 [Source:HGNC Symbol;Acc:HGNC:49178]	2.0551846	
MIR7846	microRNA 7846 [Source:HGNC Symbol;Acc:HGNC:50029]	2.0551846	
PRAMEF25	PRAME family member 25 [Source:HGNC Symbol;Acc:HGNC:49179]	2.0551846	
CASZ1	castor zinc finger 1 [Source:HGNC Symbol;Acc:HGNC:26002]	2.0551846	
PRAMEF11	PRAME family member 11 [Source:HGNC Symbol;Acc:HGNC:14086]	2.0551846	
PRAMEF10	PRAME family member 10 [Source:HGNC Symbol;Acc:HGNC:27997]	2.0551846	
MST1L	macrophage stimulating 1 like (pseudogene) [Source:HGNC Symbol;Acc:HGNC:7390]	2.0551846	
PRAMEF17	PRAME family member 17 [Source:HGNC Symbol;Acc:HGNC:29485]	2.0551846	
PRAMEF19	PRAME family member 19 [Source:HGNC Symbol;Acc:HGNC:24908]	2.0551846	
PRAMEF18	PRAME family member 18 [Source:HGNC Symbol;Acc:HGNC:30693]	2.0551846	
PRAMEF12	PRAME family member 12 [Source:HGNC Symbol;Acc:HGNC:22125]	2.0551846	
PRAMEF14	PRAME family member 14 [Source:HGNC Symbol;Acc:HGNC:13576]	2.0551846	
RCC2	regulator of chromosome condensation 2 [Source:HGNC Symbol;Acc:HGNC:30297]	2.0551846	
CPLANE2	ciliogenesis and planar polarity effector 2 [Source:HGNC Symbol;Acc:HGNC:28127]	2.0551846	
PUM3	pumilio RNA binding family member 3 [Source:HGNC Symbol;Acc:HGNC:29676]	2.0551846	
MIR6730	microRNA 6730 [Source:HGNC Symbol;Acc:HGNC:50222]	2.0551846	
HNRNPCL1	heterogeneous nuclear ribonucleoprotein C like 1 [Source:HGNC Symbol;Acc:HGNC:29295]	2.0551846	
HNRNPCL2	heterogeneous nuclear ribonucleoprotein C like 2 [Source:HGNC Symbol;Acc:HGNC:48813]	2.0551846	
HNRNPCL3	heterogeneous nuclear ribonucleoprotein C like 3 [Source:HGNC Symbol;Acc:HGNC:51235]	2.0551846	
HNRNPCL4	heterogeneous nuclear ribonucleoprotein C like 4 [Source:HGNC Symbol;Acc:HGNC:51333]	2.0551846	
VLDLR	very low density lipoprotein receptor [Source:HGNC Symbol;Acc:HGNC:12698]	2.0551846	
AGTRAP	angiotensin II receptor associated protein [Source:HGNC Symbol;Acc:HGNC:13539]	2.0551846	
NBPF1	NBPF member 1 [Source:HGNC Symbol;Acc:HGNC:26088]	2.0551846	
EIF1AXP1	EIF1AX pseudogene 1 [Source:HGNC Symbol;Acc:HGNC:19900]	2.0551846	
CFL1P6	cofilin 1 pseudogene 6 [Source:HGNC Symbol;Acc:HGNC:34545]	2.0551846	
ACTL8	actin like 8 [Source:HGNC Symbol;Acc:HGNC:24018]	2.0551846	
MAD2L2	mitotic arrest deficient 2 like 2 [Source:HGNC Symbol;Acc:HGNC:6764]	2.0551846	
TARDBP	TAR DNA binding protein [Source:HGNC Symbol;Acc:HGNC:11571]	2.0551846	
NPPB	natriuretic peptide B [Source:HGNC Symbol;Acc:HGNC:7940]	2.0551846	
NPPA	natriuretic peptide A [Source:HGNC Symbol;Acc:HGNC:7939]	2.0551846	
SDHB	succinate dehydrogenase complex iron sulfur subunit B [Source:HGNC Symbol;Acc:HGNC:10681]	2.0551846	
MASP2	MBL associated serine protease 2 [Source:HGNC Symbol;Acc:HGNC:6902]	2.0551846	
UBIAD1	UbiA prenyltransferase domain containing 1 [Source:HGNC Symbol;Acc:HGNC:30791]	2.0551846	
KCNV2	potassium voltage-gated channel modifier subfamily V member 2 [Source:HGNC Symbol;Acc:HGNC:19698]	2.0551846	
HSPE1P24	heat shock protein family E (Hsp10) member 1 pseudogene 24 [Source:HGNC Symbol;Acc:HGNC:49343]	2.0551846	
ATP5PDP2	ATP synthase peripheral stalk subunit d pseudogene 2 [Source:HGNC Symbol;Acc:HGNC:49624]	2.0551846	
ARHGEF10L	Rho guanine nucleotide exchange factor 10 like [Source:HGNC Symbol;Acc:HGNC:25540]	2.0551846	
MST1P2	macrophage stimulating 1 pseudogene 2 [Source:HGNC Symbol;Acc:HGNC:7383]	2.0551846	
MIIP	migration and invasion inhibitory protein [Source:HGNC Symbol;Acc:HGNC:25715]	2.0551846	
CLCN6	chloride voltage-gated channel 6 [Source:HGNC Symbol;Acc:HGNC:2024]	2.0551846	
ATP13A2	ATPase cation transporting 13A2 [Source:HGNC Symbol;Acc:HGNC:30213]	2.0551846	
DOCK8	dedicator of cytokinesis 8 [Source:HGNC Symbol;Acc:HGNC:19191]	2.050384	
HS3ST3B1	heparan sulfate-glucosamine 3-sulfotransferase 3B1 [Source:HGNC Symbol;Acc:HGNC:5198]	2.0435927	
SCO1	synthesis of cytochrome C oxidase 1 [Source:HGNC Symbol;Acc:HGNC:10603]	2.0401454	
ADPRM	"ADP-ribose/CDP-alcohol diphosphatase, manganese dependent [Source:HGNC Symbol;Acc:HGNC:30925]"	2.0401454	
GAS7	growth arrest specific 7 [Source:HGNC Symbol;Acc:HGNC:4169]	2.0401454	
MYHAS	myosin heavy chain gene cluster antisense RNA [Source:HGNC Symbol;Acc:HGNC:50609]	2.0401454	
MAGOH2P	"mago homolog 2, pseudogene [Source:HGNC Symbol;Acc:HGNC:30148]"	2.0401454	
PIRT	phosphoinositide interacting regulator of transient receptor potential channels [Source:HGNC Symbol;Acc:HGNC:37239]	2.0401454	
TMEM220	transmembrane protein 220 [Source:HGNC Symbol;Acc:HGNC:33757]	2.0401454	
MYH1	myosin heavy chain 1 [Source:HGNC Symbol;Acc:HGNC:7567]	2.0401454	
MYH2	myosin heavy chain 2 [Source:HGNC Symbol;Acc:HGNC:7572]	2.0401454	
MYH3	myosin heavy chain 3 [Source:HGNC Symbol;Acc:HGNC:7573]	2.0401454	
MYH8	myosin heavy chain 8 [Source:HGNC Symbol;Acc:HGNC:7578]	2.0401454	
MYH4	myosin heavy chain 4 [Source:HGNC Symbol;Acc:HGNC:7574]	2.0401454	
GXYLT1P3	GXYLT1 pseudogene 3 [Source:HGNC Symbol;Acc:HGNC:50422]	2.0315332	
FAM95B1	family with sequence similarity 95 member B1 [Source:HGNC Symbol;Acc:HGNC:32318]	2.0315332	
SKP1P3	S-phase kinase associated protein 1 pseudogene 3 [Source:HGNC Symbol;Acc:HGNC:50370]	2.0315332	
RBPJP5	RBPJ pseudogene 5 [Source:HGNC Symbol;Acc:HGNC:37485]	2.0315332	
VN2R3P	"vomeronasal 2 receptor 3, pseudogene [Source:HGNC Symbol;Acc:HGNC:33209]"	2.0315332	
CDRT15P14	CDRT15 pseudogene 14 [Source:HGNC Symbol;Acc:HGNC:50418]	2.0315332	
MIR4477A	microRNA 4477a [Source:HGNC Symbol;Acc:HGNC:41859]	2.0315332	
SLC25A51	solute carrier family 25 member 51 [Source:HGNC Symbol;Acc:HGNC:23323]	2.0315332	
BMS1P14	BMS1 pseudogene 14 [Source:HGNC Symbol;Acc:HGNC:49159]	2.0315332	
RAB28P1	"RAB28, member RAS oncogene family pseudogene 1 [Source:HGNC Symbol;Acc:HGNC:50380]"	2.0315332	
CNTNAP3	contactin associated protein family member 3 [Source:HGNC Symbol;Acc:HGNC:13834]	2.0315332	
SNX18P8	sorting nexin 18 pseudogene 8 [Source:HGNC Symbol;Acc:HGNC:39616]	2.0315332	
CBWD6	COBW domain containing 6 [Source:HGNC Symbol;Acc:HGNC:31978]	2.0315332	
FOXD4L6	forkhead box D4 like 6 [Source:HGNC Symbol;Acc:HGNC:31986]	2.0315332	
AQP7P3	aquaporin 7 pseudogene 3 [Source:HGNC Symbol;Acc:HGNC:31976]	2.0315332	
PAICSP1	"phosphoribosylaminoimidazole carboxylase, phosphoribosylaminoimidazole succinocarboxamide synthetase pseudogene 1 [Source:HGNC Symbol;Acc:HGNC:8588]"	2.0315332	
DCAF10	DDB1 and CUL4 associated factor 10 [Source:HGNC Symbol;Acc:HGNC:23686]	2.0315332	
MIR1299	microRNA 1299 [Source:HGNC Symbol;Acc:HGNC:35290]	2.0315332	
ATP5F1AP8	ATP synthase F1 subunit alpha pseudogene 8 [Source:HGNC Symbol;Acc:HGNC:37666]	2.0315332	
RBM17P1	RNA binding motif protein 17 pseudogene 1 [Source:HGNC Symbol;Acc:HGNC:50366]	2.0315332	
FKBP4P2	FKBP prolyl isomerase 4 pseudogene 2 [Source:HGNC Symbol;Acc:HGNC:50371]	2.0315332	
SPATA31A1	SPATA31 subfamily A member 1 [Source:HGNC Symbol;Acc:HGNC:23394]	2.0315332	
PGM5P2	phosphoglucomutase 5 pseudogene 2 [Source:HGNC Symbol;Acc:HGNC:18965]	2.0315332	
TMX2P1	thioredoxin related transmembrane protein 2 pseudogene 1 [Source:HGNC Symbol;Acc:HGNC:49916]	2.0315332	
GLIDR	glioblastoma down-regulated RNA [Source:HGNC Symbol;Acc:HGNC:48823]	2.0315332	
FAM74A1	family with sequence similarity 74 member A1 [Source:HGNC Symbol;Acc:HGNC:32029]	2.0315332	
CNN2P2	calponin 2 pseudogene 2 [Source:HGNC Symbol;Acc:HGNC:39527]	2.0315332	
ALDH1B1	aldehyde dehydrogenase 1 family member B1 [Source:HGNC Symbol;Acc:HGNC:407]	2.0315332	
ANKRD20A2P	"ankyrin repeat domain 20 family member A2, pseudogene [Source:HGNC Symbol;Acc:HGNC:31979]"	2.0315332	
SEC63P2	"SEC63 homolog, protein translocation regulator pseudogene 2 [Source:HGNC Symbol;Acc:HGNC:41954]"	2.0178504	
HMGN2P16	high mobility group nucleosomal binding domain 2 pseudogene 16 [Source:HGNC Symbol;Acc:HGNC:31330]	2.0178504	
PFKP	"phosphofructokinase, platelet [Source:HGNC Symbol;Acc:HGNC:8878]"	2.0178504	
FTH1P12	ferritin heavy chain 1 pseudogene 12 [Source:HGNC Symbol;Acc:HGNC:3982]	2.0178504	
PSIP1	PC4 and SFRS1 interacting protein 1 [Source:HGNC Symbol;Acc:HGNC:9527]	2.0178504	
SNAPC3	small nuclear RNA activating complex polypeptide 3 [Source:HGNC Symbol;Acc:HGNC:11136]	2.0178504	
TUSC1	tumor suppressor candidate 1 [Source:HGNC Symbol;Acc:HGNC:31010]	2.0140867	
ENO1	enolase 1 [Source:HGNC Symbol;Acc:HGNC:3350]	2.0123255	
RBP7	retinol binding protein 7 [Source:HGNC Symbol;Acc:HGNC:30316]	2.0123255	
DFFA	DNA fragmentation factor subunit alpha [Source:HGNC Symbol;Acc:HGNC:2772]	2.0123255	
MZT1P1	mitotic spindle organizing protein 1 pseudogene 1 [Source:HGNC Symbol;Acc:HGNC:50605]	2.0123255	
VAMP3	vesicle associated membrane protein 3 [Source:HGNC Symbol;Acc:HGNC:12644]	2.0123255	
GPR157	G protein-coupled receptor 157 [Source:HGNC Symbol;Acc:HGNC:23687]	2.0123255	
SPSB1	splA/ryanodine receptor domain and SOCS box containing 1 [Source:HGNC Symbol;Acc:HGNC:30628]	2.0123255	
NMNAT1	nicotinamide nucleotide adenylyltransferase 1 [Source:HGNC Symbol;Acc:HGNC:17877]	2.0123255	
CENPS	centromere protein S [Source:HGNC Symbol;Acc:HGNC:23163]	2.0123255	
CLSTN1	calsyntenin 1 [Source:HGNC Symbol;Acc:HGNC:17447]	2.0123255	
PARK7	Parkinsonism associated deglycase [Source:HGNC Symbol;Acc:HGNC:16369]	2.0123255	
CTNNBIP1	catenin beta interacting protein 1 [Source:HGNC Symbol;Acc:HGNC:16913]	2.0123255	
PGD	phosphogluconate dehydrogenase [Source:HGNC Symbol;Acc:HGNC:8891]	2.0123255	
UTS2	urotensin 2 [Source:HGNC Symbol;Acc:HGNC:12636]	2.0123255	
TNFRSF9	TNF receptor superfamily member 9 [Source:HGNC Symbol;Acc:HGNC:11924]	2.0123255	
PIK3CD	"phosphatidylinositol-4,5-bisphosphate 3-kinase catalytic subunit delta [Source:HGNC Symbol;Acc:HGNC:8977]"	2.0123255	
MIR6728	microRNA 6728 [Source:HGNC Symbol;Acc:HGNC:49961]	2.0123255	
HMGN2P17	high mobility group nucleosomal binding domain 2 pseudogene 17 [Source:HGNC Symbol;Acc:HGNC:39381]	2.0123255	
SLC25A33	solute carrier family 25 member 33 [Source:HGNC Symbol;Acc:HGNC:29681]	2.0123255	
ERRFI1	ERBB receptor feedback inhibitor 1 [Source:HGNC Symbol;Acc:HGNC:18185]	2.0123255	
SLC45A1	solute carrier family 45 member 1 [Source:HGNC Symbol;Acc:HGNC:17939]	2.0123255	
KIF1B	kinesin family member 1B [Source:HGNC Symbol;Acc:HGNC:16636]	2.0123255	
MIR5697	microRNA 5697 [Source:HGNC Symbol;Acc:HGNC:43509]	2.0123255	
PER3	period circadian regulator 3 [Source:HGNC Symbol;Acc:HGNC:8847]	2.0123255	
PGAM1P11	phosphoglycerate mutase 1 pseudogene 11 [Source:HGNC Symbol;Acc:HGNC:42464]	2.0123255	
LZIC	leucine zipper and CTNNBIP1 domain containing [Source:HGNC Symbol;Acc:HGNC:17497]	2.0123255	
UBE4B	ubiquitination factor E4B [Source:HGNC Symbol;Acc:HGNC:12500]	2.0123255	
H6PD	hexose-6-phosphate dehydrogenase/glucose 1-dehydrogenase [Source:HGNC Symbol;Acc:HGNC:4795]	2.0123255	
CAMTA1	calmodulin binding transcription activator 1 [Source:HGNC Symbol;Acc:HGNC:18806]	2.0123255	
RERE	arginine-glutamic acid dipeptide repeats [Source:HGNC Symbol;Acc:HGNC:9965]	2.0123255	
MIR34A	microRNA 34a [Source:HGNC Symbol;Acc:HGNC:31635]	2.0123255	
SLC2A5	solute carrier family 2 member 5 [Source:HGNC Symbol;Acc:HGNC:11010]	2.0123255	
SLC2A7	solute carrier family 2 member 7 [Source:HGNC Symbol;Acc:HGNC:13445]	2.0123255	
CA6	carbonic anhydrase 6 [Source:HGNC Symbol;Acc:HGNC:1380]	2.0123255	
CORT	cortistatin [Source:HGNC Symbol;Acc:HGNC:2257]	2.0123255	
TMEM201	transmembrane protein 201 [Source:HGNC Symbol;Acc:HGNC:33719]	2.0123255	
KRT16P1	keratin 16 pseudogene 1 [Source:HGNC Symbol;Acc:HGNC:6420]	2.0085351	
TNPO1P2	transportin 1 pseudogene 2 [Source:HGNC Symbol;Acc:HGNC:45121]	2.0085351	
ALKBH5	"alkB homolog 5, RNA demethylase [Source:HGNC Symbol;Acc:HGNC:25996]"	2.0085351	
NOS2P2	nitric oxide synthase 2 pseudogene 2 [Source:HGNC Symbol;Acc:HGNC:7874]	2.0085351	
FLII	FLII actin remodeling protein [Source:HGNC Symbol;Acc:HGNC:3750]	2.0085351	
SHMT1	serine hydroxymethyltransferase 1 [Source:HGNC Symbol;Acc:HGNC:10850]	2.0085351	
MIR33B	microRNA 33b [Source:HGNC Symbol;Acc:HGNC:32791]	2.0085351	
YWHAEP2	tyrosine 3-monooxygenase/tryptophan 5-monooxygenase activation protein epsilon pseudogene 2 [Source:HGNC Symbol;Acc:HGNC:49429]	2.0085351	
EVPLL	envoplakin like [Source:HGNC Symbol;Acc:HGNC:35236]	2.0085351	
MIEF2	mitochondrial elongation factor 2 [Source:HGNC Symbol;Acc:HGNC:17920]	2.0085351	
GID4	GID complex subunit 4 homolog [Source:HGNC Symbol;Acc:HGNC:28453]	2.0085351	
FAM106A	family with sequence similarity 106 member A [Source:HGNC Symbol;Acc:HGNC:25682]	2.0085351	
TOM1L2	target of myb1 like 2 membrane trafficking protein [Source:HGNC Symbol;Acc:HGNC:11984]	2.0085351	
DRC3	dynein regulatory complex subunit 3 [Source:HGNC Symbol;Acc:HGNC:25384]	2.0085351	
TBC1D3P4	TBC1 domain family member 3 pseudogene 4 [Source:HGNC Symbol;Acc:HGNC:32409]	2.0085351	
SMCR5	"Smith-Magenis syndrome chromosome region, candidate 5 [Source:HGNC Symbol;Acc:HGNC:17918]"	2.0085351	
SMCR8	SMCR8-C9orf72 complex subunit [Source:HGNC Symbol;Acc:HGNC:17921]	2.0085351	
DRG2	developmentally regulated GTP binding protein 2 [Source:HGNC Symbol;Acc:HGNC:3030]	2.0085351	
LLGL1	LLGL scribble cell polarity complex component 1 [Source:HGNC Symbol;Acc:HGNC:6628]	2.0085351	
USP32P2	ubiquitin specific peptidase 32 pseudogene 2 [Source:HGNC Symbol;Acc:HGNC:30751]	2.0085351	
SRP68P2	signal recognition particle 68 pseudogene 2 [Source:HGNC Symbol;Acc:HGNC:30426]	2.0085351	
ATPAF2	ATP synthase mitochondrial F1 complex assembly factor 2 [Source:HGNC Symbol;Acc:HGNC:18802]	2.0085351	
SREBF1	sterol regulatory element binding transcription factor 1 [Source:HGNC Symbol;Acc:HGNC:11289]	2.0085351	
TOP3A	DNA topoisomerase III alpha [Source:HGNC Symbol;Acc:HGNC:11992]	2.0085351	
MIR6778	microRNA 6778 [Source:HGNC Symbol;Acc:HGNC:50183]	2.0085351	
MIR6777	microRNA 6777 [Source:HGNC Symbol;Acc:HGNC:50173]	2.0085351	
LGALS9C	galectin 9C [Source:HGNC Symbol;Acc:HGNC:33874]	2.0085351	
LINC02076	long intergenic non-protein coding RNA 2076 [Source:HGNC Symbol;Acc:HGNC:52924]	2.0085351	
KRT17P2	keratin 17 pseudogene 2 [Source:HGNC Symbol;Acc:HGNC:6429]	2.0085351	
KRT17P5	keratin 17 pseudogene 5 [Source:HGNC Symbol;Acc:HGNC:50723]	2.0085351	
MYO15A	myosin XVA [Source:HGNC Symbol;Acc:HGNC:7594]	2.0085351	
NOC2L	NOC2 like nucleolar associated transcriptional repressor [Source:HGNC Symbol;Acc:HGNC:24517]	2.0046682	
SAMD11	sterile alpha motif domain containing 11 [Source:HGNC Symbol;Acc:HGNC:28706]	2.0046682	
CICP3	capicua transcriptional repressor pseudogene 3 [Source:HGNC Symbol;Acc:HGNC:37742]	2.0046682	
CICP7	capicua transcriptional repressor pseudogene 7 [Source:HGNC Symbol;Acc:HGNC:37756]	2.0046682	
PLEKHN1	pleckstrin homology domain containing N1 [Source:HGNC Symbol;Acc:HGNC:25284]	2.0046682	
AGRN	agrin [Source:HGNC Symbol;Acc:HGNC:329]	2.0046682	
FAM41C	family with sequence similarity 41 member C [Source:HGNC Symbol;Acc:HGNC:27635]	2.0046682	
WBP1LP6	WBP1L pseudogene 6 [Source:HGNC Symbol;Acc:HGNC:43956]	2.0046682	
WBP1LP7	WBP1L pseudogene 7 [Source:HGNC Symbol;Acc:HGNC:43955]	2.0046682	
CICP27	capicua transcriptional repressor pseudogene 27 [Source:HGNC Symbol;Acc:HGNC:48835]	2.0046682	
LINC02593	long intergenic non-protein coding RNA 2593 [Source:HGNC Symbol;Acc:HGNC:53933]	2.0046682	
KLHL17	kelch like family member 17 [Source:HGNC Symbol;Acc:HGNC:24023]	2.0046682	
OR4G11P	olfactory receptor family 4 subfamily G member 11 pseudogene [Source:HGNC Symbol;Acc:HGNC:31276]	2.0046682	
OR4F5	olfactory receptor family 4 subfamily F member 5 [Source:HGNC Symbol;Acc:HGNC:14825]	2.0046682	
ISG15	ISG15 ubiquitin like modifier [Source:HGNC Symbol;Acc:HGNC:4053]	2.0046682	
TUBB8P11	tubulin beta 8 class VIII pseudogene 11 [Source:HGNC Symbol;Acc:HGNC:32337]	2.0046682	
PERM1	"PPARGC1 and ESRR induced regulator, muscle 1 [Source:HGNC Symbol;Acc:HGNC:28208]"	2.0046682	
OR4F29	olfactory receptor family 4 subfamily F member 29 [Source:HGNC Symbol;Acc:HGNC:31275]	2.0046682	
FAM87B	family with sequence similarity 87 member B [Source:HGNC Symbol;Acc:HGNC:32236]	2.0046682	
HES4	hes family bHLH transcription factor 4 [Source:HGNC Symbol;Acc:HGNC:24149]	2.0046682	
OR4F16	olfactory receptor family 4 subfamily F member 16 [Source:HGNC Symbol;Acc:HGNC:15079]	2.0046682	
PRDX1P1	peroxiredoxin 1 pseudogene 1 [Source:HGNC Symbol;Acc:HGNC:11711]	2.000912	
MPDZ	multiple PDZ domain crumbs cell polarity complex component [Source:HGNC Symbol;Acc:HGNC:7208]	2.000912	
